current_income,monthly_expenses,current_savings,loan_amount,credit_score,future_savings
7174,4641,23467,20416,601,53863
7507,2989,29627,20695,848,83843
4860,4419,16990,11579,676,22282
5294,2934,13134,6121,779,41454
5130,2401,28454,21257,665,61202
5095,3466,26743,18946,651,46291
7772,2614,25434,6748,691,87330
7092,3296,25007,3277,770,70559
5638,3182,20233,21243,817,49705
6169,4667,26378,14563,621,44402
4466,4235,11141,9792,710,13913
5238,3121,28019,24097,706,53423
4330,2130,20135,16918,782,46535
5482,4852,22966,13374,666,30526
6135,3194,13361,7675,826,48653
7444,4983,17835,4170,787,47367
7171,2182,21172,11681,785,81040
6919,2363,26390,13717,739,81062
7735,2038,13267,15450,815,81631
4130,4544,16564,13680,668,11596
5685,3372,28990,13068,683,56746
7380,2920,21411,24692,702,74931
4769,4769,15906,5462,638,15906
6391,2015,26028,16650,612,78540
5515,2492,29657,3287,640,65933
7485,3449,17611,23666,656,66043
6853,3131,27297,21291,780,71961
6433,4941,12011,4161,836,29915
5215,2310,27826,19513,611,62686
4955,2738,21246,5363,612,47850
6324,2545,23790,8983,719,69138
5184,4461,21738,19527,801,30414
4459,2250,24730,11207,696,51238
7385,2758,21120,17758,656,76644
4021,3804,28213,3244,639,30817
6300,3297,18767,20310,717,54803
4747,3631,23703,6178,679,37095
6904,3914,10929,5176,727,46809
7632,2813,21951,8002,772,79779
4474,2028,25845,3886,634,55197
5082,2957,27438,22782,602,52938
6558,4032,25747,16721,719,56059
7753,2476,15744,15142,604,79068
6047,2317,28284,5654,817,73044
7547,2244,19649,14984,610,83285
6747,2747,16980,20755,725,64980
4975,2696,17069,10135,670,44417
5806,2271,19591,3320,716,62011
4189,3771,29799,7654,783,34815
7005,3262,10442,24684,737,55358
6734,4424,14652,24889,705,42372
7005,2265,19370,19131,715,76250
4562,4973,17597,13770,761,12665
5899,2920,24325,9553,666,60073
7638,2339,14458,23426,799,78046
5267,2388,16591,14559,630,51139
6879,4624,26346,12009,674,53406
5528,4050,21826,16482,836,39562
7202,3165,28693,10498,670,77137
7556,2375,24138,9636,836,86310
7890,4033,27294,10362,665,73578
4646,4371,12169,19395,669,15469
6068,2145,28556,19578,640,75632
6888,3981,16313,5537,790,51197
6214,2292,18315,22226,759,65379
5297,2431,18036,18216,619,52428
6435,2704,10785,21613,784,55557
4600,4996,16139,6009,825,11387
6363,3998,16344,17209,777,44724
6061,4632,28800,18675,807,45948
4241,2398,24973,18029,752,47089
6041,4864,15619,5077,739,29743
6824,2963,11936,16907,798,58268
7417,4234,13807,6867,638,52003
6612,4041,17151,19152,744,48003
6945,3828,19493,7873,644,56897
5363,4108,22355,11635,738,37415
6139,2938,13236,3297,669,51648
5390,2709,25848,16095,724,58020
7003,2806,12352,12036,750,62716
5478,3463,11932,4015,690,36112
7499,3325,20913,4384,837,71001
6556,2010,18556,11745,669,73108
4775,3085,15498,21734,765,35778
4034,3868,20582,20653,729,22574
6253,4273,27330,4260,813,51090
7152,4611,23865,10701,683,54357
5955,2771,19569,23947,688,57777
5585,3594,27823,13401,678,51715
7943,3607,14857,18519,712,66889
7459,3333,10340,24977,692,59852
7073,2884,21181,14864,671,71449
5021,3389,26766,18681,764,46350
7461,2225,18491,8543,648,81323
6613,2824,10138,24067,651,55606
5129,4265,10358,21265,632,20726
7843,2936,19714,15488,621,78598
7893,4800,29840,13079,713,66956
5500,4553,11627,13744,838,22991
4702,4306,25996,6809,732,30748
6449,3911,15004,24267,830,45460
6777,3796,23283,10206,617,59055
5579,2053,16652,23539,765,58964
4161,2726,29554,24057,717,46774
4201,4736,12151,16746,716,5731
5981,3544,19429,18995,636,48673
4995,3043,24072,19035,821,47496
6317,3913,21927,14671,842,50775
7934,3776,16905,16210,822,66801
4815,3596,29218,20793,663,43846
7342,3914,22452,8197,737,63588
4455,4466,26212,18553,678,26080
7533,4737,28951,10452,769,62503
7798,2849,11307,11718,722,70695
5275,4109,24852,17859,775,38844
5016,4263,12660,5172,643,21696
7773,2002,20403,16158,681,89655
6343,2159,20238,19663,686,70446
7796,2780,16207,23361,824,76399
6767,2892,29546,22053,615,76046
7820,4030,11140,14085,653,56620
4337,4376,11708,6981,701,11240
4878,2579,13630,24153,762,41218
5076,3933,29595,8247,697,43311
4791,3380,20485,13553,755,37417
7993,3290,22021,23811,601,78457
6264,3640,26859,9135,693,58347
4763,2951,17684,8573,740,39428
6235,4682,11207,23515,768,29843
4379,2987,23331,16731,807,40035
4492,3218,11960,10189,658,27248
7112,2920,10557,17541,668,60861
5180,4785,25883,13878,718,30623
6062,3355,23893,14087,691,56377
7884,2169,10882,16667,780,79462
4064,2520,14761,23919,830,33289
7928,3486,15867,5776,644,69171
7910,2039,22869,12311,747,93321
6568,3560,17166,10697,623,53262
5367,3418,22982,17629,788,46370
5152,2954,17929,11386,690,44305
6027,2983,15347,20046,693,51875
6695,2974,17269,11044,657,61921
5495,2037,23527,23602,836,65023
7134,4375,12454,12615,754,45562
5162,3274,28330,18034,753,50986
5522,3199,22991,8060,727,50867
6640,3625,12808,13900,606,48988
4391,2913,16642,8581,769,34378
5698,2453,13825,5014,646,52765
4418,2036,13536,23173,652,42120
6336,3711,25309,15997,786,56809
4378,2795,13802,13635,637,32798
5796,2972,28354,16648,796,62242
7561,2592,16142,10148,814,75770
6278,3137,29203,21748,819,66895
7065,3324,19094,17022,825,63986
6088,4271,10364,23013,652,32168
7099,2317,29503,8919,742,86887
6182,4396,25688,18886,823,47120
4200,4162,11863,9638,753,12319
5863,4745,26499,7651,647,39915
4779,3346,17084,3609,694,34280
6977,3591,18016,10940,746,58648
7104,3889,12384,13348,736,50964
7119,4087,25072,6866,663,61456
4502,3996,13935,19755,692,20007
6454,3772,23127,19999,781,55311
7645,3312,24482,5253,724,76478
5751,3285,17742,7942,849,47334
4804,2215,26165,15330,778,57233
6146,4383,12490,3864,638,33646
6731,4139,23324,4268,603,54428
5895,4400,28108,10454,725,46048
6773,4618,29151,16666,602,55011
5570,4863,11137,23955,847,19621
4960,3704,13420,15370,663,28492
7810,4828,15845,8229,628,51629
6660,2362,13906,19309,715,65482
5485,4604,29337,21621,610,39909
6690,3716,22413,7054,696,58101
7840,3193,10276,3935,701,66040
5028,2355,28383,15172,785,60459
7289,2190,27611,13530,802,88799
4502,4469,16337,18560,754,16733
6814,2699,21944,19156,824,71324
4397,4054,25906,19709,620,30022
4870,4180,27079,12726,638,35359
6842,2556,22306,10774,822,73738
4392,2825,20503,23245,701,39307
4206,4808,29225,4985,645,22001
5038,3054,14208,17252,665,38016
5881,4582,21590,24316,690,37178
7625,2425,20886,7603,763,83286
6939,4719,22866,22162,802,49506
5484,4410,11088,18960,710,23976
7762,3574,13363,12462,681,63619
7646,4129,10024,17166,722,52228
4863,4403,19764,10754,792,25284
6790,2588,19959,17246,790,70383
7312,4012,22935,7078,698,62535
4563,3547,18068,15853,634,30260
5020,2294,28619,20751,758,61331
4095,3985,17295,7042,755,18615
5923,3247,18392,19284,702,50504
5757,3548,21390,17389,728,47898
6532,3690,18448,5575,624,52552
7478,3136,20433,9754,642,72537
6278,3256,25038,20965,829,61302
6796,4064,29559,4986,683,62343
5678,2359,21528,21624,794,61356
7242,4913,25743,23350,790,53691
4540,2699,18605,18470,650,40697
5059,2447,12014,8968,729,43358
6572,4903,11381,10493,809,31409
5183,4412,11098,7103,725,20350
7910,2674,29810,5076,835,92642
5722,3007,19101,24615,791,51681
7314,3349,10187,5994,801,57767
7157,4514,21948,6744,668,53664
5819,4461,20207,17466,608,36503
6625,2585,12092,17523,601,60572
6729,3256,28514,8594,761,70190
6604,3247,15242,10531,787,55526
5597,2993,18549,10371,829,49797
7060,3435,15185,17547,788,58685
6693,2571,25271,21028,758,74735
4795,4382,15776,6144,609,20732
5051,3245,22449,16990,713,44121
5643,4084,17823,17083,675,36531
7627,2988,25717,19626,763,81385
5363,2277,17355,23469,845,54387
7869,3219,16465,10954,684,72265
5981,4963,22737,10269,648,34953
5354,3887,27881,10130,838,45485
5663,2483,23324,9828,669,61484
5529,3265,20350,11844,839,47518
6038,2730,12555,17220,776,52251
7419,4239,12951,9331,730,51111
5496,3040,27622,22896,801,57094
7302,4571,14727,16397,732,47499
6237,2917,15686,20883,837,55526
7296,4448,13701,13291,817,47877
5408,2885,12780,21542,788,43056
5400,4752,27972,13164,812,35748
5306,2021,12368,24546,836,51788
6680,2473,25592,13450,689,76076
6675,4257,10436,23423,829,39452
4972,4353,12828,5035,835,20256
5768,2703,11556,14463,625,48336
5282,2686,23364,10977,671,54516
7430,2284,25061,20241,604,86813
4709,2715,20576,23207,614,44504
5479,2762,26566,15182,722,59170
5434,3250,17190,3298,743,43398
4648,2947,15565,3923,600,35977
4317,4428,25369,23616,743,24037
7748,4507,11589,16331,764,50481
7296,3030,10159,23690,602,61351
7890,2028,22145,22183,779,92489
5257,2906,25373,9578,646,53585
4683,4926,16555,7875,694,13639
4663,4126,26237,24710,612,32681
5998,4994,19203,15254,719,31251
7898,4506,18244,21186,807,58948
7445,2569,24743,13905,654,83255
7743,4006,23333,16353,834,68177
5631,3453,23341,18882,748,49477
5495,2737,28691,22041,665,61787
7304,2515,11228,22730,781,68696
7763,4000,15590,12663,754,60746
5136,4444,15585,22333,765,23889
5853,2038,19227,3941,689,65007
5520,2886,16046,4907,785,47654
6489,4844,22237,7837,661,41977
4563,4204,25649,16680,701,29957
5291,3098,14945,20627,773,41261
7581,4931,17927,8696,816,49727
7878,3823,22641,19226,738,71301
7457,3710,25998,16543,799,70962
7458,2973,23386,15615,607,77206
7184,3562,17016,4466,696,60480
5636,4896,24027,23341,716,32907
7696,4795,25920,21350,798,60732
6999,2988,23752,3375,663,71884
7152,2020,28268,3262,829,89852
4698,4350,28193,23746,620,32369
6160,2868,13167,14580,799,52671
4001,2083,21989,13136,714,45005
4641,3682,24087,10833,845,35595
6267,3976,12437,4893,790,39929
5589,3410,25275,11106,684,51423
4854,3530,15276,14826,791,31164
5759,2569,18859,4652,847,57139
7296,2933,17818,24924,619,70174
6432,3980,14728,23276,607,44152
7474,3855,29008,3599,657,72436
5661,2792,15738,24199,645,50166
5153,2791,15793,21296,630,44137
5076,3809,14523,11792,841,29727
5707,3294,15571,23597,848,44527
6777,4539,26209,6637,692,53065
5695,4255,25246,13355,839,42526
5733,3607,20380,18989,608,45892
5439,3083,12224,12290,614,40496
6294,4477,18389,8599,693,40193
4835,2984,25927,17342,753,48139
7510,3680,21684,16945,737,67644
4202,2519,20640,13762,628,40836
7255,2590,18662,17312,845,74642
4122,3050,16361,10382,679,29225
4400,3709,11948,11982,635,20240
4766,4035,22091,22953,683,30863
4293,4246,21992,10707,708,22556
6327,4434,16318,20130,717,39034
7908,2348,22180,7633,636,88900
6931,2959,10234,20304,685,57898
7681,3963,25372,12269,670,69988
4197,2692,29991,16778,750,48051
7029,3559,10522,10008,768,52162
5930,2377,22718,18523,831,65354
7582,4946,19821,21765,692,51453
6799,4963,15832,6618,679,37864
6191,2526,22820,23827,701,66800
4608,4781,26211,3272,755,24135
7272,4253,17122,16007,775,53350
5147,4502,15842,21157,765,23582
4186,3259,11316,5547,758,22440
7397,3875,23200,6164,613,65464
6511,3763,27508,24164,716,60484
7420,2520,25206,17414,824,84006
5794,3701,28971,17327,848,54087
4659,3016,11378,18576,672,31094
6811,4773,29758,3946,848,54214
7002,3013,11519,17693,690,59387
5955,4548,17935,19890,815,34819
6450,2116,16093,18540,804,68101
5369,4433,15355,9719,689,26587
5986,3367,19083,11435,628,50511
5534,2583,15574,14350,778,50986
4146,2394,23324,6590,648,44348
7219,3087,12257,13064,770,61841
6911,4768,23411,20576,819,49127
5734,2071,25233,20848,819,69189
5843,2273,25887,3390,671,68727
4488,4013,29621,24999,814,35321
6976,3343,12005,15668,820,55601
5959,2337,28400,14569,732,71864
5663,3389,20860,16029,641,48148
6598,2606,20070,16107,734,67974
6385,2165,19388,5560,641,70028
6919,3567,28156,8867,763,68380
4640,4058,28135,18284,704,35119
5802,3324,24609,4211,626,54345
6520,2728,26363,12121,657,71867
5969,4848,29604,4539,645,43056
6198,4043,26923,20027,665,52783
5438,2101,24823,11693,624,64867
7369,3415,27845,11921,672,75293
5634,2778,18547,20667,716,52819
4262,2213,21515,13310,754,46103
5787,3111,10234,15744,728,42346
6191,3576,24562,7386,686,55942
6393,4448,27932,20303,673,51272
4623,4635,17480,15242,769,17336
5016,4936,14213,21723,779,15173
7643,3695,20293,17257,752,67669
4880,2591,11673,11947,781,39141
6049,3333,12100,16946,724,44692
6944,3109,21849,8930,666,67869
5327,4139,29557,8402,605,43813
6301,4720,28199,19017,724,47171
7723,2713,13841,24659,657,73961
4452,2935,20197,3507,669,38401
7108,3951,18016,4436,652,55900
5183,2241,17011,14618,665,52315
7062,4043,14493,11750,657,50721
6056,2001,27058,19122,849,75718
7304,4272,18578,10354,681,54962
7170,4848,12158,14294,686,40022
5682,3768,29045,23900,601,52013
6863,3949,12064,16840,803,47032
6255,4636,13253,23006,749,32681
5154,4163,22828,7399,636,34720
4403,2917,11401,8037,747,29233
6199,4241,29643,18848,702,53139
6101,4918,25193,6715,623,39389
7191,2089,22096,17877,711,83320
5696,3709,14214,10837,811,38058
7991,4169,29611,4301,664,75475
4627,2142,21023,10370,792,50843
4586,2105,21950,24569,808,51722
5648,2886,20704,21539,728,53848
5443,2427,20343,9411,716,56535
5445,3328,21867,9365,715,47271
4103,3895,12745,18449,836,15241
7923,3994,13866,3692,821,61014
4253,2316,21956,4478,704,45200
7298,3986,15818,9396,838,55562
7183,2634,28606,11448,602,83194
6557,3925,26093,13622,645,57677
5496,4056,29176,19825,654,46456
4098,4821,25493,13073,674,16817
6200,4270,27908,5646,815,51068
5884,3439,18224,8209,813,47564
6961,2552,14025,9533,791,66933
5919,2715,28950,24061,835,67398
4877,3287,29187,10211,644,48267
4337,3713,16155,12927,753,23643
7777,3883,23839,14927,676,70567
6869,3107,10719,22029,792,55863
7234,3341,24890,12316,623,71606
7791,2110,27356,15177,801,95528
4956,2250,28591,13846,634,61063
5704,4430,14426,10933,623,29714
4160,4054,22512,8476,627,23784
5603,2458,25064,16853,827,62804
6848,3107,23767,10928,807,68659
4397,2207,21308,5080,831,47588
5300,2899,21477,9089,615,50289
4815,2021,22903,10797,658,56431
7987,2409,18680,20245,808,85616
5527,2894,12204,11346,842,43800
5919,2514,29660,22878,781,70520
5415,2808,11102,3904,806,42386
5158,2873,15243,20653,743,42663
5218,2013,16614,19788,614,55074
4400,2970,26299,12974,848,43459
4639,4134,18707,4184,825,24767
7104,4956,23913,4725,610,49689
6735,3560,10630,14380,792,48730
4459,3324,21908,16057,678,35528
4954,3266,20847,8606,817,41103
7954,4169,19171,6956,714,64591
4469,2749,22721,19555,667,43361
7446,2684,26661,21690,642,83805
5045,3927,26616,19081,668,40032
6797,4356,19744,3421,826,49036
5693,2694,15690,8540,740,51678
6085,4335,23401,19288,737,44401
6277,2306,17659,18966,674,65311
7436,3989,20601,18882,809,61965
4562,4961,21704,7675,825,16916
6485,2661,10025,12082,702,55913
5799,2548,25384,16009,640,64396
7354,2311,23705,9748,833,84221
6074,4920,18652,9103,777,32500
4225,3082,23379,20857,814,37095
7348,4971,17006,22627,798,45530
4797,3737,29867,21565,658,42587
7680,2754,28378,22480,638,87490
6331,2034,18682,14348,602,70246
6926,2444,11072,12782,803,64856
4959,4140,10215,8882,606,20043
5504,3982,19915,8798,648,38179
4452,3230,19784,12627,625,34448
7067,2352,28990,11415,760,85570
7900,2902,24824,15466,700,84800
4815,3355,13313,12846,775,30833
4658,4909,21033,15720,678,18021
7587,3748,19968,12145,601,66036
4546,2158,26241,7524,832,54897
5215,3977,15939,9559,726,30795
7120,2956,24696,10620,798,74664
7583,4071,24794,22158,759,66938
4016,2403,12295,6124,731,31651
7243,4852,11696,11671,619,40388
5243,2515,21185,14706,841,53921
6205,4779,28330,20737,716,45442
6524,3387,22001,15070,763,59645
5069,4579,24350,23238,631,30230
7444,2955,29167,11134,627,83035
6565,4199,13644,3924,676,42036
6146,3712,16420,21554,600,45628
7963,4994,21837,8506,787,57465
5768,2607,29029,16650,655,66961
5060,4467,16353,5395,634,23469
6327,3273,20541,18310,711,57189
7420,4913,11932,11226,629,42016
6544,3535,21486,14781,653,57594
4301,4625,11757,8515,635,7869
4180,4382,15085,22054,848,12661
4606,3441,15637,6365,782,29617
7170,4979,11116,19972,816,37408
4699,3797,20759,14410,679,31583
4992,2294,21691,22522,657,54067
5139,2754,10492,12095,682,39112
4190,3394,18811,23470,664,28363
6300,2185,16474,13361,668,65854
4980,3269,24385,11531,727,44917
6975,2636,19738,7270,650,71806
6006,3291,23979,12906,621,56559
5184,2529,21755,19940,815,53615
7327,4068,19797,14279,706,58905
7394,4958,24607,8452,708,53839
4127,4914,22867,22951,715,13423
6065,2793,29127,23283,700,68391
5816,4147,17866,9477,780,37894
5758,4799,25449,20400,699,36957
6613,2477,20685,9470,763,70317
4569,3622,15451,5062,667,26815
5346,2939,18548,12030,635,47432
5895,2525,17186,23705,779,57626
6733,4381,16102,22880,780,44326
7863,2001,10619,4813,809,80963
4625,2374,10882,14671,777,37894
7359,4340,13642,17308,807,49870
6901,4884,11296,5313,768,35500
5686,2552,24122,12706,745,61730
7009,4365,12895,20615,621,44623
7710,3525,27313,12837,665,77533
4154,3851,15366,8831,620,19002
6537,2380,18711,22383,699,68595
5409,3646,29596,22824,727,50752
4784,2013,28793,7056,643,62045
7175,2503,18199,3305,702,74263
7464,4278,20717,17347,646,58949
7882,4008,13423,4689,638,59911
4245,2129,20211,6917,628,45603
7247,2837,22782,5936,653,75702
7110,4938,22474,6862,689,48538
5500,4040,13667,17506,684,31187
5705,2027,18277,17318,616,62413
6806,4113,22424,18300,679,54740
4537,3252,28852,8649,787,44272
5890,2260,28020,22645,758,71580
5841,4046,18155,21203,842,39695
4920,3472,13583,18674,672,30959
6455,3447,25515,20726,822,61611
4524,2459,14009,8560,805,38789
6875,2300,29710,18451,648,84610
5529,4966,20410,21610,700,27166
6950,4334,28601,4079,601,59993
7896,2629,14967,16983,843,78171
4035,2269,28753,23590,775,49945
4684,4639,20695,18327,837,21235
4019,3993,19135,15755,741,19447
6368,3628,15722,10235,658,48602
7847,3801,25514,20197,696,74066
6559,4891,21128,24473,698,41144
4399,2861,14444,5031,785,32900
6701,3280,17618,11514,702,58670
4971,4180,28060,12095,785,37552
5906,3799,11196,17287,838,36480
6518,3706,22297,8911,778,56041
5166,4560,12787,14695,811,20059
5115,4360,17927,22037,601,26987
7425,2575,29702,6340,842,87902
4833,4933,12176,10876,640,10976
5823,4003,18792,18896,810,40632
6774,3307,19171,15435,722,60775
5982,3956,12451,4141,828,36763
4853,4734,10628,22281,681,12056
4050,4020,19821,12281,743,20181
7736,4212,17778,23425,731,60066
7769,4352,13696,5038,739,54700
4574,3655,29149,7270,628,40177
7261,3579,22972,13046,734,67156
5148,3847,18307,7683,613,33919
6197,4203,14956,19878,846,38884
6361,3390,20195,10116,611,55847
6617,3742,27076,4784,698,61576
7413,3925,29546,22894,732,71402
6352,2619,11105,6786,680,55901
5715,3274,29392,24650,849,58684
4681,2956,28545,12190,705,49245
4837,3939,25417,8428,631,36193
7854,4381,24188,9681,673,65864
5077,2968,22602,9893,770,47910
7050,4558,19256,15661,680,49160
6491,3316,24212,17892,668,62312
6660,3043,11913,12643,644,55317
7040,2281,20593,12943,705,77701
6311,4844,11772,13472,736,29376
7124,4166,29164,15992,776,64660
5595,3058,22996,24042,760,53440
7051,2197,12871,14126,827,71119
7691,4532,23234,9869,699,61142
4004,3082,27044,10669,745,38108
5126,4884,20521,14538,608,23425
5219,3184,20642,13065,661,45062
4773,3008,11132,23918,784,32312
4876,4738,10699,13171,628,12355
4991,3229,24534,20696,724,45678
6931,3035,20230,5962,713,66982
7421,2489,16297,16851,805,75481
4046,2275,22839,22322,752,44091
6914,4740,17812,15979,742,43900
6870,4289,14557,22581,733,45529
6983,3239,12179,8296,719,57107
7891,3274,21030,17745,769,76434
6703,2125,19065,8730,756,74001
4268,2216,18275,16921,678,42899
4369,3208,27806,3126,692,41738
4635,3246,25089,8602,603,41757
5129,4542,13180,20575,681,20224
5693,4474,16696,22023,841,31324
5682,2918,19583,15581,784,52751
4656,3317,26998,18997,776,43066
4119,4198,23869,20750,771,22921
4830,4431,21757,12211,830,26545
5810,3661,26654,17997,807,52442
7675,2307,22258,9671,674,86674
5081,3359,12468,15271,613,33132
5974,3969,24208,23923,730,48268
5369,4793,25042,11876,842,31954
4740,2891,25639,5887,713,47827
7545,2374,21546,12654,661,83598
4116,4033,22327,7086,705,23323
5853,3364,24270,21645,663,54138
6838,2128,25523,7180,701,82043
5150,3014,24300,5841,772,49932
7464,3799,29991,9040,705,73971
5931,4716,20775,22944,809,35355
5012,3381,22265,13304,785,41837
5664,2516,29459,7758,619,67235
5081,3518,26673,20010,657,45429
4633,2085,16614,19234,711,47190
4512,3198,13252,8014,816,29020
7822,4358,17415,4375,656,58983
6849,3142,26662,4181,829,71146
5119,4474,21116,3490,804,28856
7709,3993,26964,6729,795,71556
5141,4161,14958,8974,718,26718
4559,2302,14276,22918,805,41360
7672,4791,14776,22680,696,49348
4487,2587,27208,21324,691,50008
7308,2986,13832,24398,651,65696
7956,3863,24901,4882,636,74017
4896,2344,15445,24292,607,46069
7343,2813,11380,5987,643,65740
5212,3987,19865,8585,697,34565
4703,4848,23926,6159,835,22186
5470,3310,29540,7530,732,55460
4580,3999,21580,20065,717,28552
6837,3677,15634,24638,668,53554
6908,3327,15810,4073,758,58782
6294,3092,20179,16743,644,58603
7147,4408,22251,21771,736,55119
4153,3009,23131,5693,833,36859
5679,2703,29493,12562,631,65205
7506,2574,22707,7340,632,81891
4996,3608,29624,5156,725,46280
7157,3112,28233,19184,666,76773
6744,2687,12749,10966,629,61433
7356,4828,23156,5580,713,53492
5243,4632,26589,10257,803,33921
5092,4636,13450,5159,628,18922
7118,2488,17214,19172,730,72774
5008,3347,21814,16900,817,41746
6141,2493,15141,14440,784,58917
5773,3667,12708,17678,629,37980
4957,3637,28375,17436,736,44215
7059,2018,25088,15021,753,85580
4452,4444,21834,9772,729,21930
5227,3000,22278,4627,661,49002
6959,2850,20014,14664,602,69322
6265,3388,13273,11219,773,47797
6521,3354,24367,21369,667,62371
6479,3367,14538,12713,624,51882
6388,2821,22541,11488,778,65345
4550,2454,18712,5181,740,43864
5635,3624,19168,14594,830,43300
5312,4772,13551,21680,643,20031
7325,2710,22297,10164,762,77677
5757,4190,20965,21981,654,39769
4356,2916,12832,3901,814,30112
6070,4875,23422,12290,736,37762
5785,4652,10152,21061,729,23748
6569,3496,21156,5881,788,58032
5781,3440,21108,16058,845,49200
7908,2304,12800,8622,640,80048
7171,2735,15310,4378,771,68542
6849,4338,19944,20632,663,50076
7251,3963,12610,8650,630,52066
7294,4149,22067,15433,835,59807
7977,4009,11104,12456,646,58720
6809,4914,20728,10036,729,43468
7730,4889,17263,9487,695,51355
6489,2961,11914,20442,809,54250
5631,4989,29456,21432,676,37160
6816,3026,10406,7248,709,55886
5015,4132,23689,21860,668,34285
5348,4375,10166,7603,657,21842
4515,4863,10508,22937,705,6332
7087,3473,28045,15632,643,71413
6839,4501,13664,3220,673,41720
4335,3947,29873,17226,655,34529
5782,4676,23050,7818,770,36322
6305,3177,10680,24007,726,48216
4496,2664,28908,10349,816,50892
4895,2011,28504,8618,761,63112
6207,3156,14357,12856,828,50969
7546,2303,11363,7576,629,74279
4851,3763,19523,21255,670,32579
5687,4830,12292,18207,797,22576
5931,2042,11538,4462,717,58206
6737,2943,13408,24905,654,58936
7746,4390,18752,18905,666,59024
6427,3349,28287,19252,740,65223
5568,4545,10174,11236,602,22450
4956,4411,12230,10813,625,18770
6738,2890,14287,5068,656,60463
7498,4474,22112,8753,725,58400
5636,3004,17106,10237,751,48690
5291,2020,19689,17175,652,58941
7906,2406,22046,9191,797,88046
7648,4666,29555,20898,642,65339
5440,3014,27951,21982,787,57063
5191,2335,11151,17622,785,45423
7913,3838,17619,4001,648,66519
5066,3147,16033,20417,641,39061
7627,4446,18560,17877,803,56732
4284,4840,14946,13232,840,8274
6444,3827,11907,24435,827,43311
4011,2714,13490,7476,793,29054
5630,2050,28919,19862,610,71879
7373,2323,14173,3515,702,74773
7969,2788,21065,15478,697,83237
7324,2140,27677,4191,817,89885
6546,2469,14769,13860,745,63693
4753,2786,14796,16448,684,38400
6082,3825,23046,9297,699,50130
6774,3357,24211,19655,703,65215
6896,3916,29356,11334,779,65116
4089,2963,14997,9008,645,28509
4775,2372,27376,10987,643,56212
6652,4541,18112,6332,621,43444
7993,3692,15287,3787,780,66899
7017,4798,20578,9222,786,47206
5625,3179,28624,12873,821,57976
7069,4338,27860,20006,713,60632
4417,3671,16426,23225,834,25378
4114,2105,21599,6676,724,45707
4616,3443,10389,5572,723,24465
7974,4717,10999,9915,629,50083
7267,3681,22812,8033,607,65844
4825,2001,25599,10788,697,59487
7572,4636,11855,18689,656,47087
5649,4691,18125,14452,710,29621
5516,4137,23794,24598,672,40342
7146,2349,12763,7712,714,70327
4412,3286,14986,3066,619,28498
7447,3062,11481,18855,831,64101
7491,4956,13731,15478,624,44151
4728,4206,26835,10533,618,33099
7348,4359,29477,18103,604,65345
7068,2444,27266,7616,674,82754
6808,4345,20758,16277,806,50314
4675,2951,29661,20524,727,50349
7465,2035,26311,8730,671,91471
5892,3107,18566,13724,810,51986
6504,3475,21889,14772,814,58237
6967,3798,21254,19268,754,59282
6239,3845,21442,23855,639,50170
6786,3408,23521,15940,823,64057
7760,3195,14559,22723,625,69339
5122,3399,26199,19932,626,46875
5571,3708,17291,17643,789,39647
4977,3385,18160,3198,682,37264
5008,4606,10112,19955,727,14936
6143,4938,29581,20174,777,44041
5687,4188,25924,12830,769,43912
6710,4934,26523,16798,756,47835
7261,3300,11424,20558,766,58956
7807,4773,29333,14469,787,65741
4036,3243,29552,3178,768,39068
7851,2520,20808,21628,632,84780
7440,3806,16043,23470,810,59651
7766,2009,16989,20118,828,86073
5548,2983,16261,3798,810,47041
6326,4425,10887,10601,696,33699
6264,3656,29488,5795,710,60784
6914,3660,26433,15496,615,65481
4872,4729,29944,7588,622,31660
5821,4631,26402,10297,734,40682
5296,4199,22253,6084,625,35417
7952,2719,28990,14110,695,91786
6109,3072,17846,3731,611,54290
4595,2858,16432,4129,671,37276
5903,3316,23452,4605,732,54496
4728,3603,23395,14970,705,36895
5365,2049,13765,13937,819,53557
4396,4711,28822,14362,716,25042
4698,4578,25950,5933,796,27390
7090,4904,22502,18187,776,48734
6224,2145,19741,8074,625,68689
5635,2914,15941,17037,732,48593
4395,3462,14855,10099,621,26051
6492,4289,25166,20874,806,51602
7304,2580,29145,3893,612,85833
7986,4734,15788,4390,755,54812
4075,3584,10201,22773,760,16093
4264,2482,20561,7239,706,41945
6502,3249,26901,23863,622,65937
5819,2672,17737,21647,696,55501
4717,2630,11988,6432,834,37032
6782,4708,25441,5371,617,50329
7455,2661,21737,23696,841,79265
7635,4852,24256,4515,716,57652
4850,4466,17162,18906,629,21770
7577,2987,23065,9326,625,78145
5390,3546,24114,17605,743,46242
4143,2649,18399,8586,804,36327
4884,2968,15633,5917,638,38625
7140,4637,15755,18901,760,45791
7170,3100,20825,20551,753,69665
4395,4556,14117,24493,775,12185
7096,2440,11518,23711,792,67390
6995,2920,26346,23039,840,75246
6938,2769,12600,6793,765,62628
5492,3343,23237,12947,729,49025
7555,3826,28579,18859,712,73327
7636,2262,13554,4577,733,78042
7222,3577,26193,12488,645,69933
5167,4684,29233,21604,649,35029
6616,4506,25253,12164,765,50573
5062,2998,26194,4030,705,50962
6156,2699,11742,18881,815,53226
7764,4349,11306,13785,745,52286
5065,3603,13849,9691,754,31393
5209,3241,22360,23376,768,45976
6982,3125,22768,20297,671,69052
6445,4601,23032,9358,819,45160
7294,4335,14195,21565,673,49703
4633,3190,28939,22581,616,46255
5156,4668,28689,4462,846,34545
7234,3005,17619,18511,789,68367
5238,2035,19280,13570,756,57716
4732,2743,12642,18897,785,36510
4234,3764,19369,14646,669,25009
7914,2352,24296,18474,805,91040
6705,3922,25438,10037,749,58834
4750,2072,25674,12499,845,57810
6635,4695,14757,24378,605,38037
7080,3376,12994,16386,625,57442
7145,3914,25226,24692,766,63998
4953,3093,11271,9221,739,33591
6539,4472,11813,10769,698,36617
6960,2707,28845,20071,741,79881
7324,3804,18475,17356,621,60715
7301,4608,14396,24045,650,46712
5542,4875,19283,21278,750,27287
5197,2955,23318,10389,775,50222
5676,4564,27200,7922,798,40544
5191,4475,10082,16639,703,18674
6217,2159,11920,13003,777,60616
5416,4196,17817,22567,688,32457
6993,4823,21683,23181,740,47723
6842,3735,21336,8178,812,58620
6681,3585,25596,18240,832,62748
5217,2066,12093,6968,737,49905
5540,4428,22905,5716,844,36249
6076,2057,18367,19574,782,66595
7236,2341,15285,16511,608,74025
5445,3153,20896,20719,678,48400
6386,4774,14937,11181,651,34281
7719,3195,26753,15995,729,81041
5519,4817,28202,14298,752,36626
5388,4661,28485,19762,612,37209
5856,3232,22977,23213,825,54465
5365,4401,29874,9380,650,41442
4499,3494,28163,3615,785,40223
5680,3821,17674,21714,633,39982
4510,2115,27748,21138,634,56488
7398,2661,13676,3463,829,70520
4216,3465,12426,12158,730,21438
5324,4500,12962,23651,833,22850
5155,3868,10859,6158,719,26303
5827,4334,22048,23008,786,39964
7141,3016,14138,16434,669,63638
7323,2310,12424,7938,846,72580
7486,2207,20409,8417,775,83757
5810,4665,14017,11881,791,27757
6492,4493,20451,8603,840,44439
6923,4717,20278,5212,746,46750
5205,2632,20996,19766,666,51872
6214,4102,11134,21640,809,36478
4090,4959,15119,14695,702,4691
4713,2656,15694,20796,672,40378
5881,3423,14164,12775,715,43660
7602,3931,28730,17559,803,72782
4038,4562,15039,9146,732,8751
7197,3679,24631,3371,666,66847
7522,2236,20442,8565,738,83874
4172,2347,18252,11802,720,40152
4652,4674,27721,11307,693,27457
4753,2629,27568,10437,795,53056
5243,3540,11551,3446,796,31987
7709,4003,22625,4391,728,67097
5081,3271,11629,14516,690,33349
5683,2363,27910,20724,691,67750
6523,4368,11361,18454,662,37221
4455,2285,14370,22323,628,40410
4828,2148,15283,14891,809,47443
4894,3107,17610,17998,611,39054
5384,4453,20558,8969,676,31730
5958,2455,24924,12265,640,66960
7072,3766,24839,18861,729,64511
6434,2799,21949,24197,636,65569
5996,3184,20626,22953,772,54370
6395,3012,11993,8454,807,52589
4189,4831,10869,6150,775,3165
4504,4507,11014,18386,623,10978
5214,3523,20103,9414,698,40395
5531,4785,26986,7657,749,35938
7440,4556,22013,13486,699,56621
7480,2480,10690,23046,738,70690
4823,3686,26873,23866,846,40517
4928,4161,20748,24181,657,29952
4933,4796,18024,17894,773,19668
5140,3601,26678,24452,628,45146
4133,4408,15488,8480,762,12188
6105,2340,21035,11033,839,66215
7627,4817,29296,3983,845,63016
4684,4010,28257,24991,742,36345
6719,4808,22855,11543,659,45787
6220,4496,29642,12916,694,50330
5852,3866,12817,13143,641,36649
4814,2834,14458,18581,832,38218
5172,3203,15307,4907,642,38935
4079,3725,18933,12216,807,23181
6933,3689,28425,11737,673,67353
7284,2310,27063,16757,776,86751
4202,2261,20659,7174,791,43951
6811,3442,15738,18708,759,56166
5252,2405,15668,12297,663,49832
5699,4190,24427,4990,842,42535
5250,2341,17697,8596,601,52605
5682,3339,26446,19374,751,54562
5555,2243,17829,23382,814,57573
7512,2489,20751,6775,665,81027
7473,2011,23450,24029,765,88994
6094,2560,17352,21445,630,59760
5256,2041,23516,23871,714,62096
7376,4725,18326,18706,831,50138
5549,2593,13644,17645,625,49116
5166,3452,18003,16668,628,38571
7486,3826,13278,18960,794,57198
7584,3693,17296,14357,849,63988
5396,2133,13074,7435,677,52230
7637,2947,23261,22028,624,79541
7957,2072,21173,18804,647,91793
7330,2398,18312,20429,664,77496
6703,3428,11637,17626,780,50937
4470,4625,23652,10951,666,21792
7018,4906,15103,9449,845,40447
5035,2129,27028,22065,689,61900
5353,4978,12032,6199,745,16532
6783,3811,12761,9768,736,48425
6831,4001,25195,12130,637,59155
4967,2265,28452,11633,686,60876
4357,3560,26625,21934,748,36189
7019,3985,12668,7225,848,49076
7479,2792,24638,19980,664,80882
4667,4300,25954,9054,748,30358
4372,4869,27186,4505,626,21222
5031,3312,22356,12053,705,42984
5145,2163,10195,18749,722,45979
5371,2094,12187,13832,797,51511
6723,3805,21707,19344,846,56723
4089,4880,12330,17783,643,2838
7719,3133,13606,4551,699,68638
6745,4383,10060,18154,627,38404
7387,2821,24387,16799,772,79179
7249,2237,13927,9852,616,74071
4539,4428,16296,4449,726,17628
6779,4946,23622,5659,722,45618
4868,4530,24125,10509,767,28181
4040,3960,12591,5721,849,13551
4739,4949,22127,15444,843,19607
7775,3048,25748,12637,730,82472
5946,3676,16121,13490,675,43361
6549,4529,11200,5925,830,35440
7006,4964,25721,12824,803,50225
7216,2963,29238,9240,793,80274
5224,2536,21087,19896,847,53343
4928,3603,16972,3215,645,32872
6036,3979,10136,10299,813,34820
7795,2127,27413,14523,814,95429
6508,2091,25346,13364,757,78350
6779,2542,28978,6153,668,79822
6799,2845,10661,4706,736,58109
4924,3681,12472,13298,684,27388
6956,3851,10086,4567,610,47346
5581,4494,20704,13400,668,33748
7618,2389,16219,13345,698,78967
7324,4719,26322,4128,690,57582
4389,3884,24749,22894,840,30809
5617,2042,16968,10867,793,59868
6930,2253,29157,21749,815,85281
4255,3083,23596,8583,758,37660
4708,4710,11700,7897,760,11676
5838,4514,12700,9001,766,28588
5944,4334,21821,14113,693,41141
6497,3540,28031,7567,773,63515
4009,3953,15520,12271,764,16192
6871,4825,21510,17348,714,46062
4797,4392,13687,14703,819,18547
7313,2641,26980,16329,787,83044
7322,4429,18837,5741,630,53553
4876,2689,24955,22404,610,51199
5028,3276,21281,9256,686,42305
7190,3950,23917,3228,720,62797
5015,3079,14757,19678,729,37989
5824,3486,23045,7284,831,51101
4373,2456,18912,16264,704,41916
7136,2982,14733,16390,626,64581
6193,4130,17081,3918,826,41837
4223,3122,18690,14445,601,31902
5262,2148,11673,3498,702,49041
6224,3352,24318,5809,700,58782
5802,3179,21171,7961,620,52647
4852,2189,23545,12017,657,55501
7353,2882,21803,6779,732,75455
4062,4310,12294,13050,779,9318
5240,2399,13630,5118,772,47722
7925,4811,25093,9391,684,62461
6874,2608,26530,3145,692,77722
6842,3795,24453,16929,619,61017
4688,3638,22174,17917,660,34774
5484,3575,13453,7565,637,36361
5633,4832,14507,19576,747,24119
6152,4148,20602,24571,841,44650
7170,3382,15628,9637,624,61084
4510,3403,18328,11243,729,31612
4384,2819,25534,5410,720,44314
4404,2819,29744,4820,759,48764
6870,2419,29389,22348,625,82801
4517,2123,13552,5521,797,42280
4475,2421,26402,21952,768,51050
6000,3508,12242,8882,848,42146
6756,3597,24665,4867,666,62573
7934,2767,15097,10465,824,77101
5668,4044,18640,14461,600,38128
5893,4530,11948,22583,650,28304
6818,4566,15618,9103,604,42642
5460,4202,14236,15197,612,29332
7094,4139,11920,18424,746,47380
7044,3549,21169,19053,739,63109
7636,4502,14188,3240,647,51796
6724,3764,22207,22824,752,57727
4713,4044,10238,7631,656,18266
7529,4645,10204,12599,714,44812
4082,2509,20799,14694,634,39675
5168,3206,15552,8077,675,39096
7156,2385,14927,6768,693,72179
7149,3597,21164,12142,604,63788
6504,4452,14390,10995,825,39014
5901,4293,29071,16276,621,48367
6048,2741,25641,22989,702,65325
4050,4708,16160,15746,804,8264
4684,4697,25810,14475,784,25654
4716,3911,15126,21557,774,24786
7843,3446,10816,9568,781,63580
5469,2900,23414,5601,730,54242
4448,4112,10192,22041,723,14224
4880,4260,28160,9080,652,35600
4487,4009,13645,16854,811,19381
5823,2241,22816,5159,758,65800
6081,4540,16314,23214,668,34806
7419,4385,28172,11313,815,64580
6142,4020,17374,7368,703,42838
7143,2172,13700,4317,845,73352
5574,2671,20655,23877,760,55491
6201,2163,25129,16272,799,73585
4249,2464,19359,4230,815,40779
4673,2496,13893,20517,777,40017
4437,2699,16811,4301,811,37667
6165,4442,19288,18927,615,39964
4770,2702,29063,4910,841,53879
7962,3940,10504,17904,715,58768
7377,4355,19813,11107,675,56077
4267,3791,24671,21300,804,30383
5984,2182,20738,5757,708,66362
5077,2628,21186,9464,833,50574
4235,4557,16773,19562,638,12909
4388,3731,13816,12088,688,21700
7037,2545,10717,18124,773,64621
7805,3587,21676,17260,823,72292
4762,2623,14434,12743,815,40102
5848,2593,27042,11683,711,66102
6448,2743,15057,3060,646,59517
4623,3768,14994,12269,771,25254
6814,3459,14234,5895,736,54494
7374,3948,13764,18323,831,54876
6966,4601,21181,15352,841,49561
7278,4068,14637,14875,814,53157
5252,4601,12104,19969,727,19916
6900,4444,19447,8823,777,48919
7981,4672,20674,14962,676,60382
4577,2104,28991,3534,787,58667
6122,4239,18385,22846,823,40981
4434,2016,21999,7011,841,51015
6150,2392,13719,22782,614,58815
7493,2424,12581,5155,635,73409
7775,4176,28949,9957,840,72137
4763,2571,12763,12196,662,39067
6785,4076,15991,13691,668,48499
6853,3120,20531,24709,813,65327
5329,2241,29790,16327,807,66846
6145,4279,21064,24087,768,43456
7921,2788,21312,5706,673,82908
6845,2714,14780,3001,623,64352
5358,2758,14177,12225,809,45377
6906,4849,25169,20488,648,49853
6482,2775,16476,17820,745,60960
4446,4773,28988,13891,606,25064
6017,4247,12382,4861,603,33622
5331,4992,26915,8269,689,30983
4248,2078,22508,14112,796,48548
4165,2855,10634,18699,659,26354
7552,4514,21996,11320,654,58452
7031,4628,24162,19821,615,52998
5358,3439,26386,24230,826,49414
5019,4987,24005,13740,817,24389
4541,4496,18397,6129,809,18937
4758,4134,22327,20285,628,29815
7177,4148,24394,17380,750,60742
7634,3031,12890,14360,844,68126
6128,2844,20858,8398,613,60266
6180,2086,18026,8529,678,67154
4796,4090,13306,6918,776,21778
6947,2407,10897,20451,632,65377
4137,4711,19277,19410,752,12389
6231,3668,19471,9937,620,50227
7472,2147,24896,10118,744,88796
5353,4324,25240,19931,622,37588
6832,2231,24683,13860,656,79895
7579,3950,10670,8338,834,54218
5875,2365,27889,15472,808,70009
7031,3674,21767,6140,785,62051
4068,2435,23006,10996,741,42602
6593,2398,25768,18489,692,76108
7845,3234,26633,20974,619,81965
6100,3414,11892,17201,757,44124
5473,4546,13439,10776,618,24563
4204,4587,12854,7943,780,8258
6173,2562,21577,15886,702,64909
7818,4489,21763,11997,783,61711
4042,3284,21618,10798,676,30714
7823,2772,18235,23175,809,78847
5906,4397,29996,20741,750,48104
6158,4037,12618,11092,789,38070
4760,4567,13163,6225,837,15479
7734,3343,12942,14810,632,65634
7254,4185,11925,17914,830,48753
6895,3573,12972,5460,831,52836
6142,2991,21705,11737,617,59517
5994,4415,20640,16920,672,39588
7445,3246,20966,22112,760,71354
5935,2359,27374,13754,759,70286
7591,2920,21138,13833,788,77190
4899,4376,28196,6114,781,34472
4359,4510,25935,20000,616,24123
6947,4993,23145,18360,618,46593
5719,2962,10489,23028,818,43573
4280,3827,21748,20587,669,27184
7266,4883,29275,12951,826,57871
5887,3613,13516,5565,719,40804
7266,3640,29724,6174,700,73236
4666,4216,16410,22465,633,21810
4092,2216,10053,5630,683,32565
4671,2377,28959,6161,752,56487
5969,2118,26999,7321,795,73211
4060,2189,15944,16204,673,38396
6681,4814,17404,10099,801,39808
7122,2369,10954,14360,687,67990
7474,3801,20625,13313,684,64701
7860,4196,11629,16502,610,55597
5028,2651,20973,23462,690,49497
5489,3882,16859,8801,743,36143
4603,3511,18841,17130,817,31945
4681,2769,20539,17271,788,43483
7900,4421,22682,19075,821,64430
6581,2780,13278,7151,726,58890
5428,3716,28945,11911,712,49489
6885,4207,16539,21984,679,48675
7584,4398,26754,15861,606,64986
6692,3311,10857,3666,615,51429
6280,4939,14886,19667,826,30978
4523,3249,22945,8840,849,38233
6393,2522,17485,6565,615,63937
7117,2521,23680,13426,767,78832
6593,2782,26767,23977,611,72499
5968,4320,24397,20849,634,44173
5101,2935,20744,24118,840,46736
5753,4230,14334,10366,620,32610
5836,3688,29109,18630,777,54885
7994,2487,22226,23056,770,88310
7144,3850,23440,10382,827,62968
6841,2845,25020,19149,839,72972
6296,4171,14251,18871,616,39751
6094,4837,22180,16273,631,37264
5144,4461,26140,3992,640,34336
6261,4003,10922,9858,733,38018
6286,3748,29299,5121,815,59755
5079,2685,17957,15388,626,46685
6397,4160,29430,21607,747,56274
4106,4935,25796,23906,752,15848
6878,4169,11230,22572,665,43738
4047,3567,20627,22621,736,26387
7644,3245,20006,7136,691,72794
4336,2038,14933,19727,780,42509
5049,4544,24295,15653,660,30355
6851,2779,26377,18479,765,75241
5280,3256,10203,24088,602,34491
6055,4990,26544,7823,811,39324
4624,4196,25899,7920,797,31035
5890,4708,13748,22585,702,27932
5276,3927,16718,8471,824,32906
5715,2301,28965,20272,654,69933
6766,4285,11093,12533,600,40865
4302,2646,25228,10127,700,45100
4638,2662,26034,6720,797,49746
4055,4283,15710,22267,644,12974
4725,3759,19732,18696,825,31324
4525,4250,29259,23596,774,32559
4473,2255,13191,21799,806,39807
4027,2597,28221,22385,836,45381
6125,2661,10689,21122,625,52257
7287,2234,12103,4364,720,72739
7457,3368,10365,5708,741,59433
4364,4581,24010,15982,849,21406
6713,4907,21767,20308,781,43439
4525,2769,26103,3151,798,47175
6746,4588,22742,20296,645,48638
5335,2212,22391,5321,721,59867
4882,2462,14172,16865,630,43212
5030,4483,25623,3495,815,32187
5026,2282,12378,14987,658,45306
5646,3486,27589,5148,822,53509
4918,3430,22031,3556,628,39887
6797,2087,15669,16393,705,72189
6410,3067,12735,4552,823,52851
5774,2460,19867,21504,616,59635
5531,4325,18490,6085,741,32962
7345,4468,10956,22888,831,45480
7577,3724,19306,3156,763,65542
6853,3376,16623,11926,785,58347
6786,4743,24908,10162,839,49424
5906,2514,27858,24907,623,68562
7086,2702,14460,11055,708,67068
5215,3653,23986,7654,790,42730
5654,4066,22638,14468,845,41694
4484,2022,29212,3154,690,58756
6075,4460,12850,10950,624,32230
4713,3053,23299,18323,786,43219
5062,3830,20698,20380,631,35482
5976,4155,29348,7626,715,51200
5296,3304,14594,22289,681,38498
5254,3134,24282,17259,709,49722
6133,4183,26285,17873,745,49685
7545,2361,24334,16016,636,86542
4125,4176,16644,12369,625,16032
6859,3899,12850,3153,736,48370
4536,3284,24933,10853,826,39957
6192,2514,10165,15379,663,54301
7596,2448,20701,18792,671,82477
7283,3923,10919,8599,747,51239
6072,3506,18305,21100,781,49097
5603,3247,29888,17785,705,58160
7465,3855,27375,14049,685,70695
4066,2873,25715,3786,810,40031
4232,4520,13839,7368,757,10383
6156,3428,27642,17923,652,60378
5169,4349,21618,7272,691,31458
6158,4278,23519,23151,698,46079
6275,3754,20776,8994,834,51028
4110,2922,10067,22810,790,24323
5493,4984,19788,23167,610,25896
6081,4159,15660,24811,630,38724
4622,3036,14478,10011,776,33510
7847,3416,18210,23085,839,71382
7440,4547,20922,17086,830,55638
6795,4979,13521,12261,699,35313
6642,4645,10572,21733,821,34536
7625,4281,17082,10011,686,57210
6472,4649,15395,4212,746,37271
6660,2313,25407,17141,739,77571
5541,4613,28642,12344,614,39778
6739,4256,21094,9704,758,50890
5305,3997,10650,18896,770,26346
7391,3037,15741,21895,700,67989
5761,3656,23281,3143,764,48541
7514,4634,16838,13681,806,51398
5975,3778,28971,10367,628,55335
6362,3014,13262,6228,713,53438
4876,3093,27722,7582,706,49118
5989,3124,14996,16147,753,49376
7812,2697,21826,14397,707,83206
7448,4179,12827,9031,729,52055
5312,3404,24211,7243,683,47107
5460,3155,15232,16647,614,42892
6709,3043,12217,14496,843,56209
6324,3929,29923,12549,731,58663
5733,4583,24232,18146,813,38032
5605,3013,24026,22097,649,55130
5526,2226,29345,7185,765,68945
6671,3828,29610,15486,622,63726
6563,3492,23878,10328,658,60730
7421,2821,16837,24017,689,72037
6890,4023,17031,22576,714,51435
7517,2870,24806,19684,674,80570
7901,4452,13716,20107,755,55104
6397,4249,13414,6010,847,39190
5630,4085,27832,8555,793,46372
7735,4989,10570,3067,722,43522
6870,3795,29288,15185,735,66188
5160,2187,23288,21890,756,58964
4758,3080,28889,4537,738,49025
6946,2940,10917,19781,828,58989
4242,4320,20066,14549,617,19130
6590,4630,16982,8680,782,40502
5063,4563,16336,24209,649,22336
4228,2525,28062,11747,741,48498
6595,2335,26999,18116,717,78119
4919,4745,19941,23045,801,22029
5246,3078,22380,5941,826,48396
4005,4547,29889,13849,736,23385
7393,4947,21667,10067,826,51019
4467,4813,14529,24475,738,10377
5755,4583,27519,13151,790,41583
4074,2161,22192,20985,707,45148
4003,2593,18566,20864,803,35486
5870,3938,17226,22660,666,40410
4645,4206,15162,18126,780,20430
4117,2059,26590,18613,766,51286
6928,4962,11319,9447,677,34911
5629,3901,11141,8499,783,31877
6551,4258,14627,9273,755,42143
6021,2405,24501,4299,674,67893
4946,2663,12690,9701,638,40086
6621,3132,17323,7994,624,59191
5464,3099,13255,18627,620,41635
4193,2541,15213,10489,737,35037
4846,3337,14108,11269,770,32216
6762,2997,29404,5831,614,74584
5415,3140,28241,14602,810,55541
7097,4974,29173,22105,647,54649
5458,2867,19802,14819,685,50894
6220,4066,21413,20916,748,47261
7371,2431,24995,24637,787,84275
5668,2739,22583,4996,715,57731
6373,3373,15021,24695,835,51021
5433,2182,28771,14619,823,67783
5141,4160,16582,19661,649,28354
6883,3206,23455,6089,750,67579
5810,4528,23117,3523,740,38501
4723,3169,28950,23659,668,47598
4224,2830,27359,15410,603,44087
4531,3651,11262,24749,819,21822
4112,3136,17382,18732,677,29094
6187,4810,13327,22506,799,29851
4558,2475,28643,11167,608,53639
6048,4810,20020,8190,720,34876
6137,3326,27641,7575,714,61373
4653,2970,26848,10727,762,47044
4319,3019,24062,18378,700,39662
5573,3141,29678,4797,748,58862
5828,3836,16774,5131,785,40678
5917,2160,25160,17900,745,70244
4138,4448,11230,20199,696,7510
7582,2197,19076,14332,799,83696
7939,3283,13805,9666,842,69677
6892,2659,24715,19526,840,75511
6026,3775,15750,15479,680,42762
6306,3070,25627,4410,642,64459
7744,4010,23232,15665,694,68040
4901,2398,13135,3534,825,43171
4689,3733,16953,6364,605,28425
6039,3582,11546,20416,813,41030
4009,4125,25457,6342,805,24065
4260,4171,27478,16465,666,28546
5942,2074,12411,7500,739,58827
5673,4184,29001,4172,699,46869
6219,2601,24113,23901,611,67529
6945,2836,14145,11007,836,63453
6060,3528,12775,4641,665,43159
5191,2499,23193,19855,601,55497
7713,3596,22851,22324,742,72255
5619,2137,23070,11738,750,64854
4320,4097,29539,7726,756,32215
5342,3794,13970,14789,680,32546
5636,2972,24119,14017,823,56087
6376,3642,14331,23107,734,47139
6832,3885,20295,3363,821,55659
6824,4301,11942,13358,755,42218
5994,4028,26575,6309,741,50167
6958,4757,23404,19929,771,49816
5943,3900,10861,6240,757,35377
7621,4610,19275,9665,808,55407
6038,4804,27033,15921,759,41841
7490,3449,14134,4936,837,62626
7677,2546,21803,16968,669,83375
5118,2921,25408,14197,714,51772
7888,2580,27420,14998,687,91116
5604,3372,26351,3882,605,53135
6365,3956,14131,23224,626,43039
4235,4003,28532,9923,681,31316
5969,4096,22057,23995,687,44533
4333,4964,21349,16708,828,13777
5908,2703,21486,8204,719,59946
4375,4308,15457,10288,623,16261
7530,4403,16079,6203,701,53603
5160,3625,22453,5244,633,40873
6635,2637,28814,3018,767,76790
5570,4790,28263,20025,646,37623
6560,3009,22158,6083,806,64770
5319,4978,25735,24584,802,29827
7391,2640,25830,11521,813,82842
6965,4839,25125,20249,845,50637
7643,4659,21905,3773,623,57713
5855,3861,22298,7732,664,46226
5372,4856,12011,22902,617,18203
7911,3205,13373,9795,643,69845
7850,2685,20335,9984,675,82315
4872,3851,20692,5567,656,32944
5252,2187,24527,19121,706,61307
6317,3619,22773,4674,755,55149
5851,3687,11289,13875,831,37257
6845,2984,11447,14572,723,57779
5314,2547,29583,3739,798,62787
4724,4772,29567,4545,750,28991
7236,4973,24139,12327,812,51295
6052,3431,23757,8127,761,55209
6898,2875,15462,12065,738,63738
7450,2617,29600,23939,813,87596
4077,4461,29520,13492,833,24912
7481,3365,29702,16749,762,79094
6621,3243,29166,12045,715,69702
4131,2902,17657,23116,692,32405
4600,2162,14920,21667,641,44176
5772,3974,20345,12521,627,41921
5065,2269,18417,11669,722,51969
6136,2631,27160,14283,809,69220
6449,2905,15208,9998,805,57736
6343,4014,10687,16440,809,38635
5863,3641,26913,15697,819,53577
5318,2204,23223,16733,623,60591
4615,2581,18080,24797,735,42488
7597,3579,28537,4269,705,76753
6847,2840,19486,10868,717,67570
7762,3836,16094,15373,836,63206
7708,3251,17692,21987,652,71176
6469,3719,21088,8961,799,54088
5888,3642,13103,18734,731,40055
5046,4643,12440,12661,818,17276
4574,4297,17124,11569,699,20448
6190,2874,27228,10557,604,67020
4992,3464,24031,21064,824,42367
6712,4243,24536,11433,648,54164
6192,2689,10446,18653,697,52482
5248,4010,13915,12111,629,28771
7054,4686,25787,8682,671,54203
4502,3422,29493,18479,702,42453
5997,4001,27618,18047,662,51570
4820,2671,16587,11084,774,42375
7687,3171,10226,24751,625,64418
6151,3495,21151,19453,784,53023
7110,2943,15558,23308,636,65562
5970,4246,21971,9200,825,42659
4197,3449,10186,13278,606,19162
5669,4539,24680,5007,726,38240
6626,2895,24559,18802,767,69331
6438,4189,21069,16329,691,48057
5202,3336,12535,5779,766,34927
6601,2164,11932,24304,789,65176
5471,4361,12032,3755,702,25352
7571,4068,11252,9495,819,53288
7086,3105,15509,13187,805,63281
5646,3753,15074,12513,652,37790
5692,4352,23900,21714,841,39980
5312,3938,24523,20400,829,41011
6035,2370,11881,10347,731,55861
4477,3880,10269,17249,833,17433
5254,2852,11630,17879,809,40454
4922,2383,27958,17057,707,58426
4419,3931,23383,15057,711,29239
6204,4492,26152,7938,752,46696
6597,2424,21084,22222,606,71160
7512,4208,11695,3737,829,51343
5120,2628,29642,9200,755,59546
7068,2894,24821,11371,796,74909
7044,4537,13262,19615,666,43346
7482,4374,11445,21301,707,48741
4950,2597,26436,11534,822,54672
6336,4336,19949,5623,710,43949
5277,2592,28050,11646,833,60270
6243,3687,16901,16543,849,47573
6645,2572,29169,15817,747,78045
5857,4075,10719,21660,682,32103
7593,4090,18597,23258,839,60633
4516,3704,16855,23914,723,26599
5658,4470,28678,7497,738,42934
5865,2176,18263,10933,703,62531
6912,2528,24520,21519,666,77128
5141,3633,21874,9727,814,39970
6853,2965,24079,15156,606,70735
5932,3517,27082,20949,750,56062
7230,2197,17243,19692,788,77639
4814,4657,19018,11627,798,20902
6275,4889,26732,11368,709,43364
5900,2852,22100,19522,633,58676
6263,3537,26691,19577,705,59403
6995,4069,29800,22641,746,64912
7767,3080,14820,18577,657,71064
6062,4889,21001,22619,608,35077
7228,2097,23907,16472,647,85479
7719,3903,29942,3942,714,75734
7332,2434,21669,7620,809,80445
7228,2636,25916,19195,640,81020
6094,2587,20878,14154,647,62962
6371,2343,12985,9353,772,61321
6891,3317,18112,24341,833,61000
7756,3979,18467,12145,624,63791
4129,2570,28931,12494,715,47639
7482,2610,10336,16562,677,68800
4094,3727,20165,22765,707,24569
6674,4290,29363,5880,624,57971
6802,3854,22768,24271,746,58144
5955,4608,13968,3545,638,30132
7363,2959,10910,17132,718,63758
4793,4079,28380,16304,678,36948
5834,4438,25632,4927,679,42384
7354,4324,26279,23536,626,62639
6116,2531,13129,19388,703,56149
5683,3177,15447,14673,673,45519
4010,4430,16129,24917,790,11089
7325,3091,15850,18372,667,66658
5865,3901,17446,24762,842,41014
6919,2883,21949,5663,746,70381
6597,4261,18519,18033,627,46551
7205,3678,10314,12465,812,52638
4711,4423,21737,6326,722,25193
6070,4791,11134,6659,838,26482
4814,4260,20938,20515,805,27586
4345,4126,25588,7763,760,28216
6349,3749,18347,13828,839,49547
4362,4675,15592,17820,737,11836
6443,4651,28108,14221,682,49612
6265,2781,29727,14211,629,71535
6188,4727,27270,16569,621,44802
7687,4105,20997,8092,602,63981
7005,2880,10721,9022,700,60221
7281,2446,19104,15569,704,77124
4984,4113,29741,22543,809,40193
7040,3783,10870,16515,802,49954
7694,3277,16751,9159,775,69755
5639,3991,26881,16223,601,46657
4827,3067,11756,11445,803,32876
6730,3577,11117,24691,653,48953
7531,3011,21601,14022,605,75841
7051,4274,12828,6044,706,46152
4355,2773,24996,12612,767,43980
7055,4726,28031,8636,835,55979
5347,3814,23878,14593,820,42274
7204,4648,16992,19179,722,47664
6935,4426,23778,5892,821,53886
7876,3201,16771,24672,601,72871
5863,3450,26526,8812,800,55482
4126,4756,29145,3654,710,21585
7177,2306,13435,24865,601,71887
7056,2778,16622,20143,692,67958
4603,4551,22852,4798,824,23476
7870,4315,24806,8159,801,67466
7449,2007,20623,14618,825,85927
5928,4555,11848,11446,835,28324
5013,2475,12696,24646,782,43152
4050,3320,11717,6823,799,20477
7100,4211,29456,19099,700,64124
7533,2484,19259,21260,845,79847
7367,4614,12786,10787,787,45822
7368,2904,24154,14196,696,77722
7797,2558,23409,23900,710,86277
6826,3967,13791,23118,605,48099
5430,4285,13871,24740,835,27611
5792,3127,11806,9380,726,43786
6861,3233,27888,20392,703,71424
5636,4601,29692,23698,836,42112
7476,4875,23304,12702,746,54516
7417,2467,28074,21892,823,87474
5645,4433,25549,24142,754,40093
6467,4822,13303,5682,600,33043
5205,2847,29497,3989,834,57793
7030,4434,26061,15476,843,57213
6872,4924,25198,11446,632,48574
7072,2258,27888,7711,639,85656
5854,2282,20655,9479,631,63519
4566,3649,18924,16161,796,29928
6418,3898,19940,17635,616,50180
4935,2039,13924,11075,725,48676
5934,4533,19783,23836,607,36595
6708,4976,14485,4007,656,35269
7502,4267,22629,10688,641,61449
7016,3014,23233,13763,697,71257
5332,2612,22901,6908,736,55541
7208,4975,10191,22187,719,36987
4201,3915,14917,14957,686,18349
7507,2687,15831,7379,762,73671
6360,2612,20160,19482,841,65136
4116,4307,23682,3877,798,21390
7737,4413,22391,18585,806,62279
4936,3781,11874,21252,780,25734
7874,3810,19062,22049,653,67830
4574,4591,14763,20772,683,14559
6291,4696,20234,21799,841,39374
4536,3547,19221,5637,624,31089
5625,3930,21410,10242,666,41750
6122,4861,24519,12257,789,39651
7877,3152,11051,11613,782,67751
4385,2574,22225,5883,773,43957
7974,3910,19765,4204,751,68533
7281,3012,21382,19928,825,72610
4474,2669,22580,14831,645,44240
4417,2268,21989,18464,621,47777
6394,3283,21939,20607,738,59271
7600,2923,28489,22556,775,84613
6687,3125,10307,16994,607,53051
4938,3529,13359,9520,638,30267
4954,3758,13176,3654,834,27528
4875,3594,11251,21830,762,26623
4762,2246,15366,11412,648,45558
5202,3560,27901,6666,645,47605
5205,4178,16226,7277,637,28550
4663,4400,24330,23786,735,27486
4024,4243,14891,21953,653,12263
5990,3939,14992,8515,764,39604
5203,2929,11961,12205,818,39249
4709,4692,22497,18198,691,22701
7572,2226,29247,6985,639,93399
5879,4748,20848,16135,633,34420
5184,2264,23255,11167,695,58295
6224,3395,14567,10448,678,48515
4284,3457,26079,23694,835,36003
4062,2645,16513,22403,726,33517
5002,4258,25235,6681,616,34163
4661,3418,21755,23580,760,36671
6713,3473,21151,19956,774,60031
6203,4990,26567,12524,709,41123
7953,3387,13358,7753,651,68150
5492,3899,19590,10082,717,38706
7120,4504,20988,7002,807,52380
4966,4772,17678,8629,820,20006
4848,3249,15698,15278,608,34886
5107,2981,11273,11417,632,36785
7432,3154,21241,23584,787,72577
4688,2587,27480,4997,712,52692
4147,2475,19497,11963,820,39561
7701,3821,19107,18784,804,65667
4341,2985,21273,7524,748,37545
6523,4203,18002,6407,785,45842
5086,3241,14247,9731,684,36387
5724,2189,19220,10795,796,61640
5383,3440,29738,14332,609,53054
6608,2980,20703,22177,605,64239
4326,3698,25472,5911,847,33008
5792,3715,26654,21799,714,51578
5759,4593,27570,19634,720,41562
7212,2040,22392,18194,740,84456
4989,4354,21956,7951,664,29576
6262,2942,25641,11098,619,65481
6482,2337,23998,24673,656,73738
7962,3337,16305,19117,838,71805
4951,3098,28782,11102,645,51018
4722,4326,22721,8565,735,27473
7389,2895,16995,4173,609,70923
6079,4320,22427,11624,800,43535
6717,4884,23782,17394,712,45778
6332,4667,12230,16256,832,32210
7376,3674,16511,3835,794,60935
4428,4909,26512,21646,738,20740
5500,2930,19461,14824,611,50301
4285,2288,14765,7567,737,38729
7215,2723,23272,6815,752,77176
7495,4940,15552,19630,776,46212
7090,4319,10627,5429,776,43879
6065,3953,21989,12182,816,47333
4768,3089,23780,12118,610,43928
6637,2482,16589,14630,789,66449
5394,2935,12044,24671,717,41552
7246,4295,23171,5607,763,58583
7057,2155,28725,8930,638,87549
4193,3070,15884,7022,652,29360
6549,3958,18185,14991,817,49277
4987,4501,10249,24168,805,16081
5136,4248,29309,9617,830,39965
6161,3683,27358,6151,655,57094
7293,2123,19175,8580,703,81215
5701,4048,26260,10054,728,46096
4946,2967,12672,10619,655,36420
4830,2854,17279,18823,717,40991
7715,2639,18662,16247,731,79574
5920,4238,11987,7573,629,32171
7335,3602,26474,18339,611,71270
6972,4563,22948,6491,847,51856
4054,2441,23026,3706,634,42382
7942,3944,12773,18728,676,60749
7714,3838,23159,9997,779,69671
4799,3829,19878,8233,758,31518
4777,4190,20178,8755,701,27222
5481,2532,20377,20718,834,55765
5901,4274,17347,24972,686,36871
6209,3336,11008,21231,795,45484
7451,2948,13783,9851,651,67819
6134,4019,14298,15126,679,39678
4054,2459,14668,10865,734,33808
7547,2550,12052,15118,621,72016
5823,2392,11716,6317,820,52888
5201,3787,10310,15212,674,27278
7462,2844,24391,14347,783,79807
7420,4257,11260,13390,824,49216
7079,3138,23157,17863,657,70449
4832,2645,21460,19548,692,47704
4312,4266,26968,10060,791,27520
6806,4454,24011,18504,702,52235
5858,3466,12866,6057,739,41570
6007,3377,24365,7428,606,55925
6006,4935,15898,3402,727,28750
6490,4605,28395,11605,654,51015
5790,4597,16251,18761,830,30567
4327,2141,14939,23541,705,41171
7125,4659,14006,3867,661,43598
6808,2500,11625,16779,839,63321
7310,2839,20956,18155,689,74608
7300,4749,27274,11210,831,57886
6626,3682,16078,3364,800,51406
7122,3565,18923,18366,832,61607
7680,4046,13961,9571,697,57569
7675,3530,28888,19963,836,78628
7054,2595,18806,17017,676,72314
5287,3904,28103,9468,782,44699
7489,2280,23558,7150,718,86066
7874,2423,16686,16065,635,82098
6143,4903,11587,22423,688,26467
5111,2269,19803,7137,751,53907
7149,2153,27280,15236,771,87232
5311,4661,20350,19836,744,28150
7191,3750,28816,15153,729,70108
6861,2661,21454,16833,740,71854
6538,3967,25849,4381,758,56701
7983,2082,16837,11154,692,87649
4451,4994,11449,4467,713,4933
5523,4946,15454,16439,627,22378
4164,3449,19424,22122,787,28004
4181,3298,14117,20264,754,24713
6516,4331,18869,15006,742,45089
4909,2979,20850,6149,822,44010
6782,4220,28412,10892,831,59156
4822,4810,24343,23528,806,24487
4943,3659,16845,19136,632,32253
6001,3398,14624,4168,619,45860
6054,2632,18848,15356,769,59912
4329,3531,26549,6129,739,36125
4774,2786,23136,18032,700,46992
7744,4990,10589,23029,800,43637
6198,2397,29205,5526,622,74817
7156,3143,16509,14059,799,64665
4146,2933,17693,6516,823,32249
7695,3460,19454,22751,711,70274
7452,3852,26455,13386,613,69655
4914,4723,21708,6555,690,24000
5571,4983,22942,19012,752,29998
5308,4512,29964,17157,676,39516
6747,2285,26652,8111,846,80196
4081,2264,19968,9752,684,41772
4513,4367,12462,19829,708,14214
5920,4720,19460,9364,630,33860
6862,4867,11015,6626,828,34955
6756,4136,19275,23400,839,50715
5939,3677,23269,6875,721,50413
7594,3226,10406,8497,706,62822
4745,2820,17384,18979,653,40484
7070,3762,21268,14529,732,60964
5409,4381,27369,19645,740,39705
4706,4269,21795,24376,755,27039
4470,2040,14485,16382,642,43645
7190,3731,18901,7025,688,60409
4395,2067,12618,13458,714,40554
5555,2987,19603,16844,698,50419
6308,3799,16928,23606,646,47036
4804,4561,15368,7175,830,18284
4933,3621,14621,12174,670,30365
5279,3655,24719,6443,765,44207
5757,3278,21126,24395,823,50874
4904,2694,17566,13725,666,44086
7297,4524,22306,3693,661,55582
5076,3085,25086,11347,708,48978
6987,4928,27387,14780,766,52095
5890,4479,28850,21196,636,45782
5523,3693,28323,16841,718,50283
7577,4315,28019,17254,841,67163
6901,3058,19890,17021,685,66006
5387,2778,18095,16368,725,49403
5303,2493,22719,8724,735,56439
4592,3585,20283,4407,808,32367
6761,3492,28279,11032,651,67507
7229,3790,24231,17572,690,65499
6679,2660,24698,20794,632,72926
6106,3348,27457,22881,837,60553
7798,3327,15184,23756,680,68836
4127,3299,12402,10394,641,22338
4735,3986,14895,19935,803,23883
6768,4044,21404,14586,711,54092
7953,3928,25161,15926,837,73461
7186,3347,19343,23716,725,65411
7280,3058,20637,3997,754,71301
6573,2976,11956,23460,839,55120
4520,2481,17023,17390,735,41491
6599,2727,24062,9099,750,70526
4236,4527,24333,24939,705,20841
5304,3031,13907,23436,724,41183
7430,2342,10807,24687,712,71863
7272,3447,24031,16509,663,69931
5781,4379,14827,8490,722,31651
5301,4485,23699,8616,820,33491
7306,4221,14524,18958,713,51544
6541,4606,25193,5248,619,48413
6051,2526,26223,20232,615,68523
6713,3896,28668,13748,744,62472
4441,2658,15313,13514,807,36709
6076,4073,23598,11695,618,47634
7180,2819,23058,11070,719,75390
6657,4652,27141,11894,847,51201
7798,2405,14887,23009,735,79603
4804,4279,13854,19698,765,20154
4074,4580,22458,18123,637,16386
6885,3573,24536,5376,780,64280
7217,3811,13558,7378,692,54430
6175,2504,19772,14182,704,63824
7924,2178,27345,3574,699,96297
6089,2131,13575,16330,689,61071
5379,3846,12418,24969,758,30814
4040,3478,14198,24876,643,20942
6981,4395,11001,11949,787,42033
6081,4587,17119,22194,675,35047
7088,2771,29229,8670,846,81033
5700,3429,19673,9567,744,46925
7224,4123,15316,15716,678,52528
7045,2578,26244,22843,672,79848
5401,4901,26806,9117,766,32806
4587,3515,21873,23376,769,34737
5622,2193,14266,10837,775,55414
7700,4007,17549,19587,739,61865
7945,3185,29094,17531,695,86214
4341,4394,20589,22159,688,19953
6074,4998,11657,21376,702,24569
7896,3384,28925,21627,745,83069
7358,3792,16763,11498,806,59555
4645,3110,29459,21071,823,47879
4730,4261,13164,7109,605,18792
4167,3936,28437,21244,721,31209
4609,4620,18479,24560,835,18347
6315,2779,15737,20106,770,58169
5772,2261,29601,16521,715,71733
6040,2729,27831,11720,762,67563
6868,2282,16009,7893,825,71041
4454,3490,26991,19727,829,38559
6953,2361,14552,24782,847,69656
5708,2440,28148,11400,781,67364
7472,4140,19417,24120,848,59401
6969,3644,19221,22790,661,59121
7028,4800,12671,17606,796,39407
7547,2866,16519,13139,809,72691
4701,3447,13962,20303,743,29010
6681,2141,22734,5044,735,77214
7629,3314,23122,19802,688,74902
5599,3455,29561,21133,695,55289
4129,4796,13722,20483,725,5718
7067,3875,14906,6392,689,53210
5845,3847,17263,22156,843,41239
5386,3712,23699,13672,685,43787
7776,4700,21088,17444,758,58000
6866,2700,10808,9784,834,60800
4692,2997,19170,20929,737,39510
7363,4096,26260,4070,783,65464
5394,3325,27109,4850,720,51937
4793,2880,20693,24437,675,43649
4028,3213,17701,15390,844,27481
4148,3159,27600,5939,691,39468
7850,2554,28581,13095,669,92133
5319,2403,24191,19301,747,59183
6058,2891,29190,10194,732,67194
7583,4912,27356,8851,622,59408
6723,2601,23704,19378,736,73168
5136,3830,12123,3678,657,27795
4186,2340,21533,3988,786,43685
6854,3968,26608,4502,820,61240
6791,2703,24448,21173,807,73504
5250,2317,24586,24665,781,59782
5333,4665,11814,19198,645,19830
4097,3386,23001,24411,621,31533
4054,4429,27490,20809,791,22990
6670,4280,26508,18867,607,55188
6711,3800,29630,17266,722,64562
4757,3367,23380,9654,619,40060
4405,3572,25406,5440,778,35402
6116,2816,12931,13234,677,52531
7383,2552,23567,10367,638,81539
5312,2855,24038,16490,636,53522
5785,3812,22317,5594,777,45993
7619,4866,12971,24073,761,46007
4750,2182,12017,21820,674,42833
7219,3574,12415,8517,717,56155
7538,2396,29480,12219,703,91184
5762,3727,11609,9310,760,36029
7315,4826,10717,6539,630,40585
7562,3517,29945,17744,722,78485
7920,2906,22662,22867,653,82830
7005,3356,16782,21625,771,60570
7578,4174,11048,9378,633,51896
4364,2000,21618,22149,841,49986
6026,2018,18307,12365,798,66403
4481,2583,17905,14422,721,40681
6248,2455,19993,7911,712,65509
4153,4036,20338,3403,845,21742
7521,3132,15578,16180,661,68246
5524,4492,23834,22766,622,36218
6120,3952,28004,7163,645,54020
6760,4649,16548,19471,655,41880
6343,4150,17381,17336,734,43697
5040,2987,12941,8470,717,37577
5664,2519,15695,17953,816,53435
5240,2858,16401,9276,788,44985
4060,2173,25179,8739,730,47823
4938,3366,24456,23657,765,43320
5639,4478,23097,9523,811,37029
6089,2726,16197,24387,761,56553
4024,3710,15450,17993,712,19218
5062,3875,27937,15873,643,42181
7874,4897,27396,16419,727,63120
4130,3681,18378,17457,707,23766
7569,3347,11881,5064,757,62545
5252,2989,16799,8315,616,43955
4107,4686,24597,13566,658,17649
4171,2419,23675,3317,737,44699
5458,2593,14586,20886,698,48966
7549,4532,18430,9130,683,54634
4101,3774,12345,10419,745,16269
6913,4459,26459,5042,644,55907
6571,2935,19548,7598,707,63180
6322,3107,15877,13214,818,54457
5636,3136,16785,3118,786,46785
7115,2331,25833,3709,661,83241
6864,4702,14922,18857,658,40866
7004,4088,28714,22941,776,63706
5040,3793,14686,15601,827,29650
4329,2958,24407,6250,790,40859
7640,2104,28286,11061,814,94718
7894,2201,22205,11609,759,90521
5520,4497,23179,5603,737,35455
7886,3842,28443,15046,610,76971
4011,3866,26524,20485,701,28264
5341,3996,28173,23805,669,44313
7663,3289,10016,10857,722,62504
4215,2909,23374,14620,832,39046
4338,2209,26848,11177,789,52396
5799,2562,28211,21645,774,67055
6708,4760,15956,14826,633,39332
7152,3563,26473,16890,827,69541
5750,2770,14815,19892,700,50575
5508,4501,29235,21763,744,41319
6421,4714,12843,24136,831,33327
7023,2628,25972,16830,703,78712
4709,3628,27353,12484,781,40325
5223,3701,11094,8495,803,29358
7608,2386,16124,14267,812,78788
6513,3935,29579,22593,639,60515
5112,4343,11404,10398,618,20632
5291,4305,13982,9743,666,25814
7726,3104,22515,8171,681,77979
7642,2267,25790,19005,780,90290
7993,4466,22205,19708,842,64529
4488,4282,22748,16004,663,25220
7948,3856,13092,13962,682,62196
5561,3998,23971,13775,646,42727
4046,3380,24616,6557,605,32608
7359,3236,14933,6587,615,64409
4777,2573,14926,19535,799,41374
5039,2048,13969,3954,839,49861
4710,3150,12965,16794,745,31685
4400,2222,14319,23738,779,40455
7990,4968,18975,3687,775,55239
5817,3431,17108,11501,770,45740
7028,3528,19141,18138,638,61141
7157,3819,26428,12694,776,66484
4249,4324,11810,6127,712,10910
4390,3461,20273,15760,739,31421
7853,3130,19021,14559,836,75697
4334,3681,28293,17796,737,36129
4628,4467,16364,6395,670,18296
7590,4658,12581,3845,709,47765
4136,2374,10691,4164,654,31835
6930,4120,10931,15954,728,44651
6735,4021,23128,8904,648,55696
7911,3053,24226,16731,763,82522
5521,3889,23861,24744,620,43445
4826,3823,25475,3354,636,37511
4726,3474,13406,21256,715,28430
5500,4242,18339,21408,623,33435
